firstName,middleInitial,lastName,dateOfBirth,dateOfEmployment,active
Employee1,A,LastName1,09/07/1987,24-abr-16,true
Employee2,A,LastName2,10/07/1987,25-abr-16,true
Employee3,A,LastName3,11/07/1987,26-abr-16,true
Employee4,A,LastName4,12/07/1987,27-abr-16,true
Employee5,A,LastName5,13/07/1987,28-abr-16,true
Employee6,A,LastName6,14/07/1987,29-abr-16,true
Employee7,A,LastName7,15/07/1987,30-abr-16,true
Employee8,A,LastName8,16/07/1987,01-may-16,true
Employee9,A,LastName9,17/07/1987,02-may-16,true
Employee10,A,LastName10,18/07/1987,03-may-16,true
Employee11,A,LastName11,19/07/1987,04-may-16,true
Employee12,A,LastName12,20/07/1987,05-may-16,true
Employee13,A,LastName13,21/07/1987,06-may-16,true
Employee14,A,LastName14,22/07/1987,07-may-16,true
Employee15,A,LastName15,23/07/1987,08-may-16,true
Employee16,A,LastName16,24/07/1987,09-may-16,true
Employee17,A,LastName17,25/07/1987,10-may-16,true
Employee18,A,LastName18,26/07/1987,11-may-16,true
Employee19,A,LastName19,27/07/1987,12-may-16,true
Employee20,A,LastName20,28/07/1987,13-may-16,true
Employee21,A,LastName21,29/07/1987,14-may-16,true
Employee22,A,LastName22,30/07/1987,15-may-16,true
Employee23,A,LastName23,31/07/1987,16-may-16,true
Employee24,A,LastName24,01/08/1987,17-may-16,true
Employee25,A,LastName25,02/08/1987,18-may-16,true
Employee26,A,LastName26,03/08/1987,19-may-16,true
Employee27,A,LastName27,04/08/1987,20-may-16,true
Employee28,A,LastName28,05/08/1987,21-may-16,true
Employee29,A,LastName29,06/08/1987,22-may-16,true
Employee30,A,LastName30,07/08/1987,23-may-16,true
Employee31,A,LastName31,08/08/1987,24-may-16,true
Employee32,A,LastName32,09/08/1987,25-may-16,true
Employee33,A,LastName33,10/08/1987,26-may-16,true
Employee34,A,LastName34,11/08/1987,27-may-16,true
Employee35,A,LastName35,12/08/1987,28-may-16,true
Employee36,A,LastName36,13/08/1987,29-may-16,true
Employee37,A,LastName37,14/08/1987,30-may-16,true
Employee38,A,LastName38,15/08/1987,31-may-16,true
Employee39,A,LastName39,16/08/1987,01-jun-16,true
Employee40,A,LastName40,17/08/1987,02-jun-16,true
Employee41,A,LastName41,18/08/1987,03-jun-16,true
Employee42,A,LastName42,19/08/1987,04-jun-16,true
Employee43,A,LastName43,20/08/1987,05-jun-16,true
Employee44,A,LastName44,21/08/1987,06-jun-16,true
Employee45,A,LastName45,22/08/1987,07-jun-16,true
Employee46,A,LastName46,23/08/1987,08-jun-16,true
Employee47,A,LastName47,24/08/1987,09-jun-16,true
Employee48,A,LastName48,25/08/1987,10-jun-16,true
Employee49,A,LastName49,26/08/1987,11-jun-16,true
Employee50,A,LastName50,27/08/1987,12-jun-16,true
Employee51,A,LastName51,28/08/1987,13-jun-16,true
Employee52,A,LastName52,29/08/1987,14-jun-16,true
Employee53,A,LastName53,30/08/1987,15-jun-16,true
Employee54,A,LastName54,31/08/1987,16-jun-16,true
Employee55,A,LastName55,01/09/1987,17-jun-16,true
Employee56,A,LastName56,02/09/1987,18-jun-16,true
Employee57,A,LastName57,03/09/1987,19-jun-16,true
Employee58,A,LastName58,04/09/1987,20-jun-16,true
Employee59,A,LastName59,05/09/1987,21-jun-16,true
Employee60,A,LastName60,06/09/1987,22-jun-16,true
Employee61,A,LastName61,07/09/1987,23-jun-16,true
Employee62,A,LastName62,08/09/1987,24-jun-16,true
Employee63,A,LastName63,09/09/1987,25-jun-16,true
Employee64,A,LastName64,10/09/1987,26-jun-16,true
Employee65,A,LastName65,11/09/1987,27-jun-16,true
Employee66,A,LastName66,12/09/1987,28-jun-16,true
Employee67,A,LastName67,13/09/1987,29-jun-16,true
Employee68,A,LastName68,14/09/1987,30-jun-16,true
Employee69,A,LastName69,15/09/1987,01-jul-16,true
Employee70,A,LastName70,16/09/1987,02-jul-16,true
Employee71,A,LastName71,17/09/1987,03-jul-16,true
Employee72,A,LastName72,18/09/1987,04-jul-16,true
Employee73,A,LastName73,19/09/1987,05-jul-16,true
Employee74,A,LastName74,20/09/1987,06-jul-16,true
Employee75,A,LastName75,21/09/1987,07-jul-16,true
Employee76,A,LastName76,22/09/1987,08-jul-16,true
Employee77,A,LastName77,23/09/1987,09-jul-16,true
Employee78,A,LastName78,24/09/1987,10-jul-16,true
Employee79,A,LastName79,25/09/1987,11-jul-16,true
Employee80,A,LastName80,26/09/1987,12-jul-16,true
Employee81,A,LastName81,27/09/1987,13-jul-16,true
Employee82,A,LastName82,28/09/1987,14-jul-16,true
Employee83,A,LastName83,29/09/1987,15-jul-16,true
Employee84,A,LastName84,30/09/1987,16-jul-16,true
Employee85,A,LastName85,01/10/1987,17-jul-16,true
Employee86,A,LastName86,02/10/1987,18-jul-16,true
Employee87,A,LastName87,03/10/1987,19-jul-16,true
Employee88,A,LastName88,04/10/1987,20-jul-16,true
Employee89,A,LastName89,05/10/1987,21-jul-16,true
Employee90,A,LastName90,06/10/1987,22-jul-16,true
Employee91,A,LastName91,07/10/1987,23-jul-16,true
Employee92,A,LastName92,08/10/1987,24-jul-16,true
Employee93,A,LastName93,09/10/1987,25-jul-16,true
Employee94,A,LastName94,10/10/1987,26-jul-16,true
Employee95,A,LastName95,11/10/1987,27-jul-16,true
Employee96,A,LastName96,12/10/1987,28-jul-16,true
Employee97,A,LastName97,13/10/1987,29-jul-16,true
Employee98,A,LastName98,14/10/1987,30-jul-16,true
Employee99,A,LastName99,15/10/1987,31-jul-16,true
Employee100,A,LastName100,16/10/1987,01-ago-16,true